id,name,dept,salary
1,Brittan Adamo,Marketing,571.47
2,Reinhold Enoksson,Marketing,300.7
3,Georgiana Scatchard,Business Development,193.27
4,Jannelle Fedorski,Human Resources,484.92
5,Jilly Powderham,Sales,484.29
6,Bertie Dunsmuir,Research and Development,227.86
7,Kaycee Skillicorn,Support,562.82
8,Giulietta Jesteco,Engineering,504.37
9,Mikey Rushworth,Business Development,631.47
10,Janifer Hillhouse,Research and Development,208.32
11,Talbot Bowmer,Support,199.28
12,Lenette Tarplee,Marketing,122.0
13,Berri Bunford,Sales,630.69
14,Marabel Karpman,Sales,108.27
15,Nester Gannicott,Legal,182.93
16,Fulvia Tarpey,Accounting,298.57
17,Pincus Theobold,Research and Development,796.22
18,Christiane Mance,Accounting,639.96
19,Gar Elis,Business Development,321.22
20,Richmond Dunn,Legal,860.93
21,Damian Wanjek,Business Development,944.82
22,Aimil Stienham,Support,607.45
23,Austin Birkwood,Human Resources,456.83
24,Laird Castellani,Business Development,535.52
25,Terrijo Neesham,Product Management,506.22
26,Yvonne Mavin,Legal,301.16
27,Wynn Bousfield,Business Development,281.89
28,Marlow Macoun,Training,172.34
29,Gordan Nesby,Legal,611.76
30,Mallory Richings,Accounting,701.28
31,Hunfredo Hallums,Accounting,265.66
32,Ermanno Siderfin,Business Development,866.77
33,Kristy De Filippi,Engineering,975.0
34,Arv Wibrow,Research and Development,752.21
35,Richy Witchalls,Training,494.09
36,Mitchel Barff,Support,591.47
37,Sydney Bampforth,Services,104.82
38,Brynne Ganing,Research and Development,177.62
39,Ashli Waker,Engineering,867.13
40,Starlene Leopold,Services,684.74
41,Willey Thurbon,Engineering,291.16
42,Nelli Boag,Research and Development,930.81
43,Noby Bangs,Legal,519.05
44,Amanda Hof,Product Management,218.91
45,Tasia Gilliard,Support,465.26
46,Nadeen Reilinger,Support,263.25
47,Bastien Gulc,Support,390.69
48,Mickie Groundwator,Business Development,734.57
49,Paulie Lyon,Services,828.03
50,Meara Fitchett,Training,225.83
51,Veronika Earie,Services,779.96
52,Bianka Haucke,Accounting,872.5
53,Caryn Pedroli,Business Development,672.53
54,Alicea Hacket,Accounting,566.16
55,Alyss Sumnall,Engineering,718.65
56,Kessia Bartos,Engineering,355.62
57,Bari Reede,Legal,874.05
58,Anestassia Priddie,Marketing,743.59
59,Sunshine Rijkeseis,Product Management,668.94
60,Sully Spellessy,Accounting,114.47
61,Nanine Fathers,Business Development,495.91
62,Shea Honeyghan,Engineering,360.11
63,Sibby Heikkinen,Engineering,898.13
64,Austine Scrimgeour,Support,762.46
65,Gus Norgate,Product Management,929.51
66,Kerianne Dufore,Human Resources,348.88
67,Janos Feltoe,Engineering,171.89
68,Fredric Novichenko,Sales,212.95
69,Ev Balthasar,Engineering,826.52
70,Pascale Mayler,Accounting,197.32
71,Lucilia McGready,Human Resources,570.55
72,Marion Rockliffe,Services,918.01
73,Timmi Vallentin,Research and Development,568.08
74,Mitzi O'Spillane,Accounting,267.87
75,Elsbeth Millett,Human Resources,738.58
76,Arlyne Scrace,Human Resources,109.38
77,Gerry Poynser,Sales,908.43
78,Federico Colvin,Services,253.99
79,Aubrie Philipsen,Research and Development,505.88
80,Durand Ellcock,Human Resources,995.18
81,Ana Skipp,Product Management,832.08
82,Hewie Leach,Legal,128.46
83,Emmalynne Bonifas,Training,129.73
84,Florry Aronstam,Human Resources,820.26
85,Clareta Klaff,Product Management,366.04
86,Monroe Allibone,Product Management,818.24
87,Allys Wick,Support,654.52
88,Swen Sawfoot,Training,946.24
89,Jen Ubee,Product Management,330.16
90,Maxwell Morville,Research and Development,638.86
91,Stillmann Himsworth,Marketing,102.85
92,Harman Ellor,Marketing,557.21
93,Doe Foux,Human Resources,497.99
94,Jocelin Robertshaw,Support,653.98
95,Evania Dongate,Research and Development,810.13
96,Prudy Neve,Business Development,443.0
97,Staci Braganca,Engineering,160.07
98,Jane Velde,Support,315.3
99,Benedict Gottelier,Support,225.46
100,Mata Northen,Research and Development,910.44
101,Petronella Francisco,Engineering,518.55
102,Milissent Brightey,Training,895.89
103,Elsey Colwill,Product Management,160.26
104,Geno Redding,Accounting,926.85
105,Rock Izakof,Services,393.98
106,Addie Schreiner,Sales,488.56
107,Lemuel Skylett,Engineering,326.51
108,Jeremias Gallgher,Sales,382.6
109,Jourdan Cockrem,Legal,193.76
110,Ermanno Sandaver,Support,113.41
111,Rollin Edkins,Engineering,587.1
112,Noreen Paffitt,Product Management,631.45
113,Newton Kimm,Business Development,490.61
114,Lawrence Joslin,Research and Development,143.44
115,Abbot Gherarducci,Accounting,385.98
116,Birdie Ewbanke,Support,581.62
117,Gregg Hundell,Training,225.81
118,Cornall Cheng,Human Resources,149.7
119,Hadlee Santos,Accounting,941.47
120,Sarita Payze,Business Development,299.18
121,Archaimbaud Poe,Product Management,934.78
122,Karl Flowitt,Marketing,308.8
123,Deck Laffin,Training,645.54
124,Jervis Hourihane,Accounting,928.06
125,Jo-ann Brodhead,Services,317.27
126,Chrissy Keyte,Accounting,215.02
127,Lothaire MacAvaddy,Sales,111.08
128,Si Dafforne,Services,716.14
129,Brina Rawll,Marketing,572.99
130,Julius Napolione,Sales,360.54
131,Demetri Jozefiak,Marketing,797.74
132,Patti Brauner,Human Resources,268.03
133,Stacia Cassel,Services,953.1
134,Valerye Mayling,Sales,790.78
135,Dannye Conlon,Product Management,887.16
136,Annmaria Castelletto,Legal,866.84
137,Marc Budgen,Product Management,529.75
138,Lettie Beelby,Support,791.63
139,Farah Mylechreest,Engineering,290.14
140,Ilse McClintock,Sales,993.2
141,Kerstin Brownlow,Product Management,526.8
142,Hermine Cherryman,Support,523.04
143,Morris Gannicott,Support,747.46
144,Dyna Allain,Legal,919.62
145,Shanon Yu,Sales,818.89
146,Esmeralda Thor,Engineering,321.88
147,Hilario Caulder,Support,270.02
148,Benedict Kemme,Marketing,537.81
149,Sunny Chasemore,Sales,751.38
150,Ethelred Pumphreys,Training,522.59
151,Kimberly Dri,Sales,771.51
152,Willis Keppel,Sales,145.36
153,Ludovico Aronstam,Human Resources,256.86
154,Vida Boswell,Accounting,137.65
155,Terri Janodet,Research and Development,722.03
156,Midge Beacroft,Human Resources,166.03
157,Marv Gasperi,Marketing,101.26
158,Harli Conigsby,Research and Development,618.35
159,Filberto Reckus,Human Resources,725.97
160,Jeannette Albisser,Support,143.54
161,Graeme Wyldes,Engineering,575.93
162,Angie Frediani,Research and Development,812.93
163,Hatti Gittings,Support,642.89
164,Elliott Barajas,Training,610.38
165,Theodora Sirr,Research and Development,423.74
166,Elisabetta Lindenbluth,Business Development,355.21
167,Tonnie Clayson,Support,531.99
168,Bonita Ramirez,Accounting,619.74
169,Darda Double,Product Management,923.37
170,Yancey Sudron,Research and Development,672.91
171,Yevette Giannazzi,Research and Development,796.07
172,Roldan Popov,Training,543.24
173,Maude Skowcraft,Legal,109.87
174,Becki Bothams,Business Development,115.97
175,Alvinia Nicolson,Human Resources,582.06
176,King Cholonin,Accounting,961.74
177,Ricky Follacaro,Human Resources,535.59
178,Charlotte Mates,Marketing,330.58
179,Wenonah Philipsohn,Business Development,781.88
180,Corrina Hyslop,Product Management,967.02
181,Lucila Yokelman,Sales,803.28
182,Wendye Sirl,Human Resources,644.75
183,Charline Markel,Support,514.43
184,Tam Aldcorne,Engineering,263.81
185,Livia Krinks,Legal,709.46
186,Morgan Fitzsimmons,Marketing,592.65
187,Malorie Goodlip,Services,656.3
188,Rafaello Pasfield,Human Resources,977.72
189,Helaina Kleinhandler,Legal,990.53
190,Gisela Killingbeck,Training,709.12
191,Nick Keyte,Legal,188.74
192,Stanislas Quainton,Accounting,772.73
193,Dede Ghidoli,Business Development,831.31
194,Moore Duffrie,Product Management,135.36
195,Curran Hirtz,Marketing,880.68
196,Alli McAuslan,Business Development,198.12
197,Tiffanie Boddymead,Accounting,830.74
198,Roobbie Kirdsch,Marketing,625.58
199,Jada D'Angeli,Sales,462.93
200,Opalina Killeley,Accounting,581.96
201,Warde Sweatland,Training,534.18
202,Xavier Matlock,Accounting,864.65
203,Zondra Kleinfeld,Human Resources,100.44
204,Isabel Fossick,Accounting,338.55
205,Devon Gilyatt,Accounting,120.08
206,Janela Franckton,Support,688.03
207,Andrew Florez,Research and Development,570.49
208,Timmy Murgatroyd,Research and Development,884.26
209,Kiri Stansfield,Human Resources,891.19
210,Kaja Marushak,Business Development,526.42
211,Jedidiah Sapp,Sales,159.76
212,Inigo Tadlow,Human Resources,288.67
213,Alanson Celloni,Services,233.97
214,Leyla Kalberer,Training,577.51
215,Tan Pumphreys,Business Development,876.34
216,Jeddy Schlagh,Legal,144.25
217,Biddy Oliphard,Product Management,403.89
218,Adria Castleton,Sales,277.86
219,Benton Berriball,Legal,424.29
220,Esther Partington,Accounting,506.07
221,Natividad Glascott,Product Management,701.5
222,Christabel Withull,Services,366.2
223,Kristofor Snaddon,Research and Development,138.18
224,Carri Stollberg,Accounting,781.0
225,Sutherlan McCarle,Research and Development,513.99
226,Freeland Guppie,Training,381.02
227,Britt Painten,Marketing,793.3
228,Velvet Whewill,Support,966.47
229,Chad Tubble,Marketing,162.43
230,Donovan Blazey,Sales,734.66
231,Raddie Cawthery,Research and Development,332.6
232,Loleta Spavins,Accounting,789.43
233,Skelly Warriner,Legal,968.77
234,Kamilah Vicar,Support,212.29
235,Ginny Ryson,Services,294.34
236,Eustace Delahunty,Business Development,746.15
237,Brit Jorez,Services,534.07
238,Alia Ingolotti,Human Resources,790.97
239,Porter Weinmann,Product Management,587.21
240,Ulrikaumeko Connochie,Training,399.02
241,Bertine Gasquoine,Engineering,747.67
242,Roxine Rakestraw,Support,194.97
243,Vilma Shegog,Legal,570.68
244,Levon Lavielle,Product Management,681.06
245,Beale Pree,Marketing,919.43
246,Pete Allmen,Engineering,426.09
247,Reiko Tomczykowski,Legal,732.82
248,Kelley Eliez,Human Resources,171.24
249,Puff Bodycote,Product Management,214.67
250,Wyn Greenough,Support,920.39
251,Elsy Ballay,Services,806.53
252,Davie Grain,Marketing,304.02
253,Talbert Howgill,Sales,286.55
254,Pierson Delacourt,Research and Development,342.24
255,Karole Bernadon,Services,891.92
256,Brennen Wimpeney,Accounting,703.62
257,Roma Spirritt,Marketing,821.12
258,Carmen Cartmer,Services,301.06
259,Maisey Bardell,Services,880.92
260,Delia Surguine,Sales,717.52
261,Scarface Spurling,Training,657.99
262,Pierre Ive,Product Management,471.87
263,Benny McLagain,Human Resources,402.25
264,Myrilla Tilzey,Support,283.54
265,Seline Colegate,Product Management,979.65
266,El Blazhevich,Support,503.9
267,Abbie Allanson,Accounting,342.99
268,Tanney Bampford,Legal,624.65
269,Ring Bowerbank,Marketing,600.61
270,Marsiella Westgarth,Accounting,774.17
271,Arman Vautin,Marketing,524.72
272,Clarinda McGloin,Accounting,245.51
273,Neale Scamaden,Marketing,137.92
274,Avram Gaitskill,Business Development,112.58
275,Herold Maydwell,Research and Development,463.35
276,Arlena Otridge,Marketing,174.71
277,Jeanelle Burburough,Product Management,139.8
278,Grata Jee,Marketing,782.66
279,Franciskus Whatley,Product Management,269.93
280,Gaston Dulanty,Product Management,536.23
281,Ben Caddell,Marketing,841.97
282,Ragnar Flory,Legal,766.24
283,Pippa Sprules,Human Resources,133.5
284,Randolf Buckett,Engineering,388.68
285,Shanon Liddicoat,Product Management,304.97
286,Fitzgerald Aprahamian,Engineering,664.94
287,Enrique Conyers,Research and Development,681.6
288,Tonia Whitchurch,Accounting,665.65
289,Ricky Parnham,Services,500.31
290,Clerkclaude Clink,Legal,293.84
291,Jillie Whybray,Training,687.24
292,Bryan Elden,Legal,559.12
293,Emlynne Dutteridge,Engineering,951.69
294,Hillard Sergison,Accounting,687.84
295,Kylie Milmith,Sales,948.09
296,Reece Sheards,Research and Development,583.55
297,Ogden Lannen,Sales,681.67
298,Jorrie Poplee,Research and Development,786.49
299,Millicent Brecknock,Human Resources,283.74
300,Adelina Barrable,Marketing,996.35
301,Rachelle Kingaby,Training,831.26
302,Ruthi Pennycock,Training,577.29
303,El Pottinger,Support,753.79
304,Missie Guerrier,Product Management,525.5
305,Damien Billows,Engineering,272.39
306,Bent Anderbrugge,Business Development,387.61
307,Sammy Prue,Accounting,156.89
308,Geordie Canter,Business Development,924.1
309,Vladimir De Micoli,Sales,341.09
310,Yule Noen,Accounting,375.43
311,Wolfy Hares,Marketing,271.63
312,Brice Pietrowicz,Training,113.51
313,Erminia Hastie,Training,995.72
314,Edgar Loddon,Legal,327.96
315,Parry Abbes,Services,359.88
316,Claudette Dani,Sales,585.43
317,Christyna Bathoe,Support,738.61
318,Nicky MacCrosson,Marketing,295.14
319,Gracia Antonnikov,Accounting,826.21
320,Gloriana Feek,Sales,807.83
321,Elnora Fancett,Marketing,241.27
322,Kipper Klasen,Accounting,749.37
323,Steve Jedrachowicz,Business Development,543.09
324,Vera Margerison,Engineering,866.89
325,Udale Sinclair,Legal,771.89
326,Khalil Mulderrig,Sales,637.7
327,Iver Narramor,Marketing,797.83
328,Gilbertine Broadway,Marketing,598.09
329,Crin Cayette,Engineering,571.94
330,Henri Cubbon,Engineering,753.46
331,Florina Greve,Support,729.88
332,Ronnie Rowley,Training,558.52
333,Jourdan Franks,Sales,949.58
334,Solly Gilcrist,Business Development,937.62
335,Bart Jeenes,Marketing,581.96
336,Fairlie Kender,Legal,361.22
337,Eddi Rydings,Legal,758.4
338,Moe Snellman,Sales,267.73
339,John Holyard,Human Resources,223.93
340,Craig Heaker,Business Development,394.65
341,Karlen Kamiyama,Training,993.31
342,Biron Bergen,Legal,479.44
343,Nissy Hefferan,Training,277.62
344,Geoffry Zielinski,Training,121.78
345,Theda Ormston,Sales,327.33
346,Melesa Roke,Marketing,500.08
347,Noe Marven,Legal,145.28
348,Regina Willingham,Accounting,390.18
349,Katine Santora,Business Development,848.95
350,Lilly Conti,Engineering,940.64
351,Barbra Haglington,Research and Development,670.01
352,Maje Pile,Engineering,248.99
353,Zak Boorne,Training,617.05
354,Gusty Sandwith,Services,749.65
355,Bev Radbourne,Research and Development,818.83
356,Cathlene Sheffield,Product Management,173.34
357,Peterus McBride,Engineering,153.97
358,Finley Cisar,Product Management,376.93
359,Raf Pawden,Services,921.21
360,Pamelina Tott,Human Resources,803.85
361,Siffre Evers,Marketing,132.24
362,Akim Gyford,Marketing,806.02
363,Ruthann Volkers,Legal,800.17
364,Maynord Corgenvin,Sales,617.14
365,Hermia Seven,Legal,627.09
366,Ailis Codrington,Services,107.12
367,Rebeka Stoffel,Product Management,604.67
368,Stephie Boynton,Sales,933.23
369,Emyle Dobbyn,Research and Development,679.87
370,Corby Norbury,Support,756.51
371,Eldon Oleksiak,Research and Development,687.31
372,Aveline Riccardelli,Business Development,542.81
373,Fae Gahan,Training,835.66
374,Orelie Matkin,Human Resources,989.08
375,Nixie Blood,Support,743.51
376,Nil Murdie,Marketing,198.22
377,Fielding Buckston,Training,185.49
378,Nelson Dawton,Accounting,161.31
379,Cy Dachs,Support,308.25
380,Mavis Grigorian,Training,231.81
381,Sue MacCahee,Accounting,445.79
382,Tracee Dunk,Product Management,393.87
383,Pavlov Anglish,Engineering,973.37
384,Koren Chung,Human Resources,807.57
385,Zeb Broadhurst,Services,508.16
386,Booth Cursons,Business Development,530.23
387,Spencer Jillett,Training,369.0
388,Sara Keyden,Legal,823.32
389,Blinnie Aaronson,Services,718.7
390,Jamey Fermer,Accounting,391.18
391,Iolande Borlease,Legal,581.62
392,Jerrie Beartup,Human Resources,974.33
393,Clywd Peaseman,Training,162.18
394,Julio Erskine Sandys,Engineering,875.8
395,Cloris Perryn,Legal,818.85
396,Terra Blackburn,Business Development,871.46
397,Roarke de Mullett,Services,910.16
398,Francklyn Folk,Research and Development,395.36
399,Basile Divers,Marketing,809.2
400,Elsinore Issett,Engineering,496.4
401,Jammie Foulcher,Human Resources,361.15
402,Kenyon Lissemore,Marketing,612.4
403,Evangeline Bushnell,Accounting,839.52
404,Orland Sprouls,Engineering,573.06
405,Marlane Ashdown,Research and Development,101.52
406,Kerwinn Mableson,Marketing,788.39
407,Olvan Nuttall,Business Development,597.52
408,Tybalt Oliveras,Marketing,415.64
409,Vin Duffil,Marketing,387.11
410,Petrina McKevitt,Research and Development,297.9
411,Bordy Ives,Engineering,813.78
412,Rozanne Craggs,Services,694.16
413,Waylon Trevarthen,Legal,103.94
414,Walliw Dimmick,Sales,727.96
415,Ursula Phillcock,Marketing,862.05
416,Stewart Embra,Training,781.23
417,Dev Glazyer,Services,928.29
418,Corey Queree,Engineering,781.39
419,Demetre Dunphie,Support,881.56
420,Cherry Clewlow,Business Development,245.1
421,Blair Bergeon,Product Management,685.2
422,Harlen MacAnulty,Research and Development,551.05
423,Lisetta Abbate,Training,321.66
424,Velvet Witcomb,Business Development,739.07
425,Rhodie Boule,Human Resources,601.36
426,Margarita Szreter,Engineering,298.17
427,Jacquelin Decourt,Business Development,159.16
428,Mart Tuite,Research and Development,719.02
429,Jennette Strick,Business Development,615.45
430,Estevan Thompson,Business Development,632.96
431,Chandra Crispe,Product Management,933.26
432,Loreen Icke,Accounting,718.17
433,Matty Gumery,Engineering,819.85
434,Bobbye Antonowicz,Sales,811.11
435,Wanids Aubery,Research and Development,660.75
436,Martha Perryn,Business Development,672.34
437,Bruno Driffill,Human Resources,792.77
438,Carrie Camm,Business Development,835.26
439,Cassy Dewitt,Accounting,660.4
440,Keir Jankovsky,Sales,326.01
441,Yance Tesoe,Product Management,939.6
442,Nonnah Genge,Business Development,955.54
443,Niki Wimpenny,Sales,633.13
444,Chelsae Bramwell,Human Resources,233.42
445,Irwin Fomichyov,Research and Development,425.99
446,Tedd Hannaway,Business Development,285.9
447,Annabel Ferronier,Accounting,832.3
448,Pembroke Haresnaip,Human Resources,703.67
449,Shirleen Doudney,Business Development,257.02
450,Elwood Hacket,Accounting,570.98
451,Jenelle Klyn,Legal,143.59
452,Ilene Holme,Services,610.71
453,Rochester Roblett,Business Development,527.2
454,Thea Vargas,Services,957.22
455,Johnny Gorce,Product Management,303.3
456,Anabal Bowdon,Training,779.07
457,Tailor Bugge,Support,237.65
458,Sheela Trevan,Legal,609.87
459,Angelika De Roeck,Support,380.0
460,Benedetta Collier,Marketing,175.91
461,Siana Ruske,Marketing,883.67
462,Shina Tackley,Legal,589.26
463,Carie Illwell,Sales,276.62
464,Agnesse Gatherer,Business Development,681.62
465,Carlin Springthorpe,Services,117.09
466,Morly Crombie,Engineering,379.26
467,Katalin Piddocke,Marketing,411.74
468,Kandy Kroll,Business Development,127.15
469,Isabel Prandin,Legal,893.83
470,Brock Jenkerson,Support,549.43
471,Fanny Blondin,Legal,749.2
472,Logan Trill,Research and Development,542.76
473,Christal Trythall,Business Development,837.56
474,Carolee Beedie,Training,385.99
475,Artus Ebbing,Business Development,111.84
476,Fair Curro,Services,820.49
477,Allard McAllaster,Business Development,456.97
478,Lilly Rosle,Business Development,495.57
479,Jamima Heamus,Legal,256.12
480,Tricia Dunabie,Product Management,821.17
481,Liesa Maskew,Research and Development,145.68
482,Karoly Bearward,Accounting,788.16
483,Fernandina Muggleton,Training,427.77
484,Nolly Segges,Engineering,369.39
485,Marcel Tempest,Legal,190.34
486,Bran Checkley,Research and Development,997.55
487,Clarine Dwight,Marketing,992.82
488,Winny Pattlel,Business Development,435.24
489,Burtie O'Heyne,Research and Development,744.1
490,Annalee Yarr,Services,338.28
491,Rufus Brower,Human Resources,370.37
492,Olive Simonsen,Human Resources,382.97
493,Chicky Bathersby,Engineering,785.36
494,Wilow Eckert,Support,571.08
495,Hubey Thorley,Support,264.46
496,Teressa Windley,Marketing,974.22
497,Enrichetta Coldrick,Marketing,543.71
498,Carlynn Frensche,Sales,816.79
499,Arley Kydde,Human Resources,202.94
500,Morrie Josowitz,Research and Development,511.97
501,Antoine Spens,Engineering,250.44
502,Conchita Mintoff,Accounting,327.71
503,Emily Orchart,Business Development,511.31
504,Fanny Mayhew,Legal,205.34
505,Howie Fripp,Engineering,111.89
506,Hoebart Huck,Training,706.97
507,Archaimbaud Book,Marketing,212.63
508,Catie Werrett,Engineering,550.44
509,Morey Mathiot,Legal,865.21
510,Oriana Matussov,Legal,591.2
511,Blondelle Chedgey,Human Resources,228.03
512,Charmaine Kibby,Services,536.4
513,Ainsley Fidian,Engineering,217.02
514,Linda Ambrogio,Services,855.72
515,Prisca Pendlebury,Sales,372.79
516,Aldous Proby,Research and Development,196.68
517,Dael Scardifeild,Legal,589.59
518,Kellina Nassey,Human Resources,332.69
519,Roselin Cawood,Sales,418.7
520,Phillip O'Driscoll,Sales,475.2
521,Vita Breens,Services,224.59
522,Jodie Di Batista,Human Resources,682.53
523,Barnaby Yakhin,Marketing,639.9
524,Cleopatra Gurg,Legal,495.8
525,Purcell Struan,Accounting,240.09
526,Philipa Haygreen,Sales,406.16
527,Karon Ayree,Engineering,780.92
528,Mart Kingswood,Business Development,123.62
529,Skippie Anstiss,Product Management,362.4
530,Gunner Amthor,Product Management,748.13
531,Pippy Ugoni,Human Resources,731.37
532,Arnold Burden,Support,580.95
533,Phelia Elkin,Training,912.77
534,Braden Dutnell,Product Management,899.17
535,Wiley Balf,Support,137.29
536,Nowell Wolfenden,Accounting,349.35
537,Niki Raff,Marketing,313.67
538,Jean Stidworthy,Marketing,826.73
539,Bibbye Guyet,Accounting,285.01
540,Terri Fleckno,Engineering,760.63
541,Allissa De Bell,Support,965.62
542,Ermin Kochlin,Marketing,456.51
543,Nesta Smalley,Product Management,627.46
544,Massimo Pearman,Support,261.45
545,Shel Cloute,Legal,982.86
546,Tamqrah Ransley,Product Management,959.19
547,Ted Bawle,Human Resources,245.94
548,Yorgos Dottridge,Accounting,375.28
549,Erhard Storey,Sales,961.89
550,Elayne Laverack,Sales,975.01
551,Jandy Kleinhandler,Accounting,571.53
552,Amabel Keitch,Sales,176.15
553,Kym Slarke,Marketing,466.04
554,Samuele Ceaser,Support,942.07
555,Marie-ann Pyecroft,Research and Development,909.49
556,Pat Kensy,Engineering,190.73
557,Boy Evason,Accounting,121.02
558,Paulita Steaning,Marketing,431.9
559,Maxine Rabbage,Engineering,996.93
560,Laureen Worsnup,Sales,759.48
561,Maison Serot,Services,434.88
562,Vitoria Wheeliker,Engineering,581.82
563,Emmet O'Kane,Accounting,551.96
564,Hadley Vagg,Sales,125.02
565,Brynna D'eathe,Human Resources,206.37
566,Brittan Merkle,Support,598.27
567,Dulcine Dorwood,Marketing,941.35
568,Amalita Thorndale,Human Resources,611.63
569,Willette Gianuzzi,Product Management,417.41
570,Brittne Renish,Marketing,442.6
571,Dion Taverner,Product Management,769.64
572,Derk Phillippo,Services,965.54
573,Kandace Benedicto,Sales,331.65
574,Earle Palfreyman,Training,661.57
575,Woodie Le Surf,Services,108.34
576,Tyne Knudsen,Business Development,836.14
577,Pru Cockton,Human Resources,484.38
578,Sebastian McPeake,Services,393.86
579,Vail Kimberley,Engineering,723.29
580,Ad Laffranconi,Business Development,477.51
581,Cornie Rickell,Training,572.56
582,Spence Nana,Support,534.16
583,Perla Meneely,Engineering,483.4
584,Sharity Velasquez,Product Management,511.4
585,Deanna Northey,Marketing,980.33
586,Prinz Pinel,Marketing,219.69
587,Amerigo Ludford,Engineering,594.86
588,Marga Heape,Support,219.63
589,Corbet Twinbourne,Product Management,901.35
590,Ellynn Yankeev,Research and Development,599.51
591,Maurie Brandom,Sales,920.77
592,Thaddeus Gatling,Business Development,236.82
593,Devondra Titmuss,Human Resources,518.57
594,Shana Ovenden,Legal,185.0
595,Sholom Rose,Engineering,976.14
596,Zachary Griston,Engineering,101.59
597,Chris Wethey,Human Resources,824.34
598,Witty Le Brom,Legal,954.6
599,Lionel Wardroper,Support,593.34
600,Flynn Murtagh,Research and Development,198.18
601,Tomi Tansey,Business Development,868.82
602,Molly Gumm,Training,873.6
603,Morten Betteney,Training,638.16
604,Arnold Shireff,Accounting,595.45
605,Roobbie Hadye,Training,405.42
606,Jeanie Gorler,Legal,803.34
607,Mechelle Gland,Research and Development,327.05
608,Kalila Bushell,Product Management,740.11
609,Briant Preddy,Engineering,834.89
610,Wynn Asee,Human Resources,983.25
611,Keelia MacFadden,Marketing,400.67
612,Ninnetta Fallowes,Training,654.55
613,Katie Vere,Sales,983.74
614,Fifi Menham,Marketing,378.15
615,Colly Orr,Engineering,196.12
616,Kassi Kerley,Legal,499.29
617,Bonnie Birdwhistle,Services,518.89
618,Ernesta Josefsen,Legal,774.55
619,Paloma Nehl,Marketing,944.12
620,Ransell Heinish,Human Resources,314.81
621,Hortense Sutworth,Sales,546.86
622,Rodger Diplock,Research and Development,567.24
623,Sibylla Freyne,Accounting,165.56
624,Kristian Ferdinand,Marketing,914.97
625,Michail Schach,Accounting,284.43
626,Kathleen Apthorpe,Sales,824.85
627,Eliot Harget,Sales,527.81
628,Leanora Terran,Product Management,934.98
629,Consolata Lowrance,Services,159.69
630,Vance Flahive,Engineering,695.82
631,Tudor Skews,Sales,679.52
632,Yolane Sprull,Sales,222.28
633,Delphinia Gilkes,Marketing,833.78
634,Anica Gyford,Services,729.07
635,Axe Gibbin,Research and Development,605.64
636,Rubina Clampin,Research and Development,790.72
637,Wilhelm Croster,Support,663.74
638,Moyna Adamsky,Legal,741.16
639,Gris Blazej,Training,330.83
640,Otes Diament,Marketing,951.79
641,Noby Bizley,Product Management,780.73
642,Francene Normanell,Training,841.62
643,Lucretia Eddowis,Services,233.17
644,Scarlet Capp,Sales,510.87
645,Xaviera Murrhaupt,Research and Development,482.54
646,Kerwin Crangle,Training,142.2
647,Genni De Andreis,Product Management,731.02
648,Manny Joll,Services,309.91
649,Shandy Ricciardi,Research and Development,633.62
650,Catriona Arnaldi,Engineering,441.02
651,Boniface Crossfield,Sales,902.41
652,Albie Seviour,Marketing,616.74
653,Maynard Shurmer,Sales,498.04
654,Nell Skillen,Sales,989.42
655,Say Auston,Human Resources,333.09
656,Sigismond Eden,Human Resources,642.02
657,Mattias Mullane,Legal,874.71
658,Frasco Batisse,Business Development,529.92
659,Janot Battison,Engineering,495.07
660,Sergio Vokins,Legal,925.75
661,Fredericka Nials,Accounting,311.61
662,Kerk Donohoe,Support,883.21
663,Druci Gallahar,Legal,564.82
664,Taryn Dayton,Marketing,917.28
665,Franky Aherne,Human Resources,327.17
666,Archambault Van Cassel,Business Development,173.35
667,Gordon Christofol,Product Management,624.03
668,Charlena Dennis,Product Management,757.43
669,Xylia Elden,Services,263.32
670,Erich Matthessen,Support,284.94
671,Shanna Bramer,Human Resources,837.72
672,Raleigh Russi,Business Development,739.45
673,Shani Sacher,Legal,538.98
674,Kamillah Perrinchief,Services,425.53
675,Antonino Watmore,Product Management,136.78
676,Willem Van,Business Development,627.13
677,Town Sommerland,Human Resources,438.87
678,Ronnica Litt,Engineering,783.48
679,Charmain Werendell,Research and Development,808.14
680,Jobey Murfin,Sales,818.58
681,Giustina Bestman,Training,736.69
682,Hilary Spencock,Engineering,457.72
683,Barrett Spoor,Services,863.37
684,Mariann Bollands,Marketing,614.58
685,Ive Bicknell,Legal,576.6
686,Glyn Haddacks,Services,211.63
687,Corabel Delue,Support,607.52
688,Bartolomeo Vockings,Support,496.86
689,Dona Durie,Legal,823.23
690,Cherye Bodham,Product Management,190.97
691,Janine Yukhnini,Sales,383.79
692,Clementia Gimber,Marketing,603.89
693,Kissee Overshott,Human Resources,274.24
694,Yolane Haysom,Sales,516.8
695,Jose Tackes,Services,601.35
696,Lorilee Mackro,Services,805.39
697,Sherill Cardo,Support,907.02
698,Claudina Ellit,Support,429.44
699,Constantia Iacovazzi,Business Development,362.58
700,Cornie Ibbs,Sales,771.37
701,Bennie Boydon,Human Resources,145.58
702,Jesse Simmell,Support,758.6
703,Isis Ohrtmann,Marketing,233.72
704,Benson Stace,Services,713.8
705,Ardys MacCarter,Engineering,187.1
706,Juana Rubinek,Product Management,113.21
707,Hayden Cray,Product Management,409.84
708,Mallory Grigorescu,Human Resources,899.73
709,Dulsea Ligoe,Product Management,330.07
710,Willabella Corish,Accounting,157.73
711,Osborne Harnetty,Training,436.05
712,Witty Langston,Accounting,934.61
713,Coralie Mogenot,Engineering,901.19
714,Raymond Scipsey,Engineering,247.62
715,Meghan Robbeke,Marketing,208.5
716,Raynard Condy,Services,422.96
717,Stevy Sharvill,Sales,426.07
718,Josy Hellyer,Engineering,771.84
719,Archibold Castane,Product Management,165.34
720,Rochester Crisall,Research and Development,849.21
721,Claiborn Himsworth,Services,743.65
722,Anton Spreull,Product Management,388.0
723,Dulce Dellenbroker,Marketing,585.18
724,Averil Quigley,Training,566.57
725,Zelma Gowthorpe,Research and Development,332.28
726,Van Echelle,Business Development,285.17
727,Veronika Whybray,Research and Development,245.52
728,Josias Hawkey,Legal,972.28
729,Felizio Maltster,Support,281.9
730,Cosetta Rivallant,Human Resources,718.93
731,Darill Vearncomb,Product Management,333.38
732,Keefe Websdale,Product Management,889.12
733,Selestina Gobeau,Human Resources,242.1
734,Mac Shalloo,Training,808.08
735,Alica Commusso,Business Development,215.17
736,Finley Onians,Human Resources,342.72
737,Alexia Gordon,Support,605.02
738,Beverlie Kynett,Marketing,581.14
739,Sheryl Ledington,Business Development,646.01
740,Rosie Ashforth,Business Development,675.52
741,Danit MacCostigan,Business Development,541.66
742,Hallie Bealton,Research and Development,694.52
743,Gavrielle Brunsden,Sales,545.95
744,Robinette Oller,Training,273.91
745,Andie Saunderson,Marketing,140.79
746,Andie Severns,Human Resources,653.86
747,Rosina Timmermann,Training,756.4
748,Arlyn Ligoe,Accounting,100.16
749,Madeleine Prattington,Legal,428.75
750,Andrei Sneller,Legal,509.04
751,Philbert Pinch,Services,328.7
752,Laurette Plose,Engineering,650.99
753,Codi Overbury,Product Management,573.89
754,Mikael Nel,Support,913.93
755,Carissa St. Leger,Human Resources,894.98
756,Carce Clappison,Training,123.41
757,Ernie Maryan,Human Resources,927.06
758,Moe Bulteel,Legal,243.72
759,Romola Emer,Marketing,279.97
760,Martita Trorey,Accounting,380.3
761,Aksel Pibsworth,Services,261.21
762,Sherri Ayton,Services,868.0
763,Danna Mullard,Support,413.47
764,Anastassia Quinet,Accounting,812.69
765,Kelly Cathrall,Business Development,248.69
766,Luelle Dwire,Training,211.88
767,Duff Sikorski,Legal,846.35
768,Jsandye Ferrers,Product Management,776.96
769,Jerry Ayers,Business Development,758.45
770,Richy Etoile,Research and Development,428.86
771,Gearard Lorrimer,Support,204.02
772,Bartlet Moreing,Support,500.3
773,Donovan Juggings,Engineering,926.18
774,Fayette Walch,Engineering,367.34
775,Ferdinande Blumfield,Product Management,694.26
776,Binnie Rangle,Sales,145.86
777,Paco Filippello,Accounting,889.9
778,Eleonora Kunze,Accounting,161.28
779,Anabelle Barday,Services,247.92
780,Rozele Beynkn,Support,353.11
781,Perry MacAndrew,Support,297.91
782,Tildi Rubinivitz,Marketing,679.35
783,Agnola Bernhardi,Marketing,403.62
784,Kassandra Ironside,Product Management,125.71
785,Johnette Pallesen,Legal,112.4
786,Sherry Castellaccio,Services,884.73
787,Ediva Gillum,Business Development,837.02
788,Enrichetta Rosoni,Marketing,697.32
789,Charmane Nevet,Human Resources,656.15
790,Dall McRavey,Accounting,936.73
791,Joell Oldroyd,Services,746.31
792,Karola Gourlay,Business Development,170.46
793,Lawry McLarnon,Training,301.1
794,Bess Abella,Product Management,670.28
795,Charla Laffling,Engineering,789.47
796,Kimmie Houseago,Engineering,640.92
797,Stephen Fernehough,Support,841.87
798,Kristien Phillipp,Training,971.99
799,Benedick McKie,Marketing,828.38
800,Nye Abdee,Human Resources,958.07
801,Harlan Lipsett,Business Development,658.71
802,Jehanna Reimer,Sales,758.29
803,Midge Rubke,Services,986.11
804,Glenine Fairfoull,Engineering,439.15
805,Xylia Antoszewski,Sales,667.21
806,Sarette Siflet,Support,892.06
807,Harley Callister,Business Development,144.74
808,Bev Coton,Marketing,163.63
809,Gwenni Trebilcock,Training,334.84
810,Marve Pilling,Engineering,418.27
811,Myrta Skaif,Training,343.49
812,Susannah Leveritt,Research and Development,942.88
813,Kit Prahl,Marketing,850.17
814,Loraine Kennea,Sales,803.86
815,Townsend Marshall,Marketing,851.19
816,Des Mostin,Human Resources,360.06
817,Collette Patriche,Sales,619.96
818,Flo Taft,Services,890.32
819,Shanie Morrieson,Engineering,909.34
820,Hyacinthe Lernihan,Services,323.05
821,Carolynn Andreas,Business Development,485.84
822,Alvera Emanueli,Engineering,997.01
823,Brandie Keddy,Support,184.46
824,Koren Sarl,Engineering,282.14
825,Cord Vondrach,Support,971.5
826,Garnet Wensley,Services,745.59
827,Darcey Labusch,Product Management,637.76
828,Bealle Roles,Sales,893.72
829,Luce Sigge,Marketing,146.06
830,Sherry Braidley,Services,701.57
831,Tate Clinning,Human Resources,424.21
832,Agatha Raynes,Engineering,352.03
833,Barty Sinclar,Human Resources,214.81
834,Corty Kleynermans,Research and Development,727.6
835,Melvin Dockray,Services,161.68
836,Whittaker Matissoff,Marketing,716.92
837,Glenna Vittet,Human Resources,190.09
838,Deva Hendrix,Business Development,253.54
839,Chariot Ucceli,Sales,759.29
840,Bertrando Pygott,Accounting,299.78
841,Yurik Precious,Training,622.81
842,Brinn Danilchik,Sales,120.36
843,Hillyer Noar,Human Resources,357.66
844,Desiri Dummer,Sales,668.79
845,Cybill Pledger,Accounting,112.92
846,Dennie Sodo,Accounting,934.22
847,Sheri Pett,Sales,192.31
848,Petronella O'Donnelly,Sales,705.68
849,Aleksandr Bleas,Research and Development,597.43
850,Derril Kenchington,Business Development,314.92
851,Stern Cockerell,Research and Development,364.79
852,Nelson Passy,Marketing,495.57
853,Ronnie Cumbridge,Training,943.85
854,Ronica Spores,Accounting,398.69
855,Letizia Wace,Accounting,813.99
856,Red Bone,Business Development,898.7
857,Doyle Benian,Accounting,425.09
858,Geri Skiplorne,Training,165.8
859,Morley Arbuckle,Engineering,624.17
860,Blinni McHan,Marketing,490.9
861,Stephenie Starbeck,Legal,926.01
862,Lillis Livingston,Training,524.12
863,Erin Clemendet,Sales,777.23
864,Bald Creaser,Accounting,147.71
865,Haleigh Bruckmann,Legal,461.09
866,Jandy Purchase,Marketing,415.71
867,Goober Engelbrecht,Business Development,623.18
868,Nellie Ephson,Human Resources,582.35
869,Skell Videan,Services,999.14
870,Leelah Wingham,Research and Development,277.7
871,Devlen Small,Product Management,432.93
872,Anthiathia Gossipin,Research and Development,141.65
873,Jesse Bexley,Engineering,709.85
874,Renard Forber,Marketing,298.36
875,Ravi Godlee,Business Development,212.25
876,Raynell Nettle,Training,347.17
877,Gilberta Timny,Human Resources,601.03
878,Woodman Dyke,Business Development,719.24
879,Maddalena Kastel,Legal,525.11
880,Phineas Drackford,Product Management,586.5
881,Artair Hacquard,Training,403.15
882,Sanders Sergean,Business Development,500.22
883,Arie Ludlom,Sales,951.28
884,Orville Dumberrill,Legal,982.97
885,Brad Lewin,Research and Development,602.77
886,Burlie Pedlow,Product Management,362.13
887,Roobbie Udden,Services,320.55
888,Preston McGreal,Sales,713.12
889,Heidie Chaytor,Training,522.09
890,Linnea Guess,Research and Development,981.75
891,Donal Hinsche,Support,114.92
892,Bryna Cashen,Support,488.63
893,Camella Andries,Support,801.91
894,Eal Bartzen,Business Development,862.77
895,De Blaxill,Services,802.39
896,Case Wilcott,Legal,118.26
897,Brigg Kimbly,Product Management,191.62
898,Charo Waldron,Business Development,302.33
899,Judi Hobble,Services,296.06
900,Zeke Tuffrey,Business Development,462.65
901,Worthington Ganforthe,Training,332.81
902,Feodora Arni,Product Management,420.76
903,Kristal Cheeney,Product Management,252.71
904,Gerrard Rosin,Marketing,119.58
905,Aveline Matuszinski,Legal,588.05
906,Roscoe Espin,Product Management,684.19
907,Eloise Tinham,Human Resources,468.12
908,Elsey Faughnan,Engineering,885.16
909,Elfie Matresse,Training,672.24
910,Elbertina Brugman,Product Management,150.85
911,Kaspar Crank,Accounting,574.64
912,Godfrey Kroon,Support,350.61
913,Johnnie Allward,Research and Development,132.08
914,Sophey Cradey,Product Management,253.33
915,Justinn Schultheiss,Human Resources,500.28
916,Sydney Stangroom,Research and Development,896.85
917,Leila Ost,Accounting,369.11
918,Lorri Peaurt,Product Management,963.61
919,Desmond McGraffin,Product Management,990.95
920,Claude Curtain,Engineering,208.17
921,Dorthy Sein,Sales,299.19
922,Pierce Linnard,Legal,374.53
923,Lutero Brixey,Marketing,751.34
924,Prudy Perring,Engineering,425.01
925,Pieter Thorold,Legal,603.31
926,Saul Clingoe,Accounting,283.23
927,Angel Godby,Research and Development,353.93
928,Ilyse Moore,Services,485.31
929,Marie-jeanne Medlar,Human Resources,665.6
930,Ignacio Yannikov,Human Resources,532.81
931,Arni Housego,Services,233.18
932,Agnella Fenners,Business Development,138.84
933,Marj Bonnor,Services,950.3
934,Eustace Brixey,Human Resources,249.18
935,Kimble McNaught,Sales,724.22
936,Minni Morphey,Product Management,682.3
937,Ester Brumen,Human Resources,176.65
938,Anet Ridde,Engineering,797.95
939,Raven Daulton,Product Management,700.7
940,Noellyn Mawson,Sales,488.78
941,Elysha Amori,Sales,412.82
942,Vinny Polkinhorn,Engineering,334.89
943,Ardelle Epton,Marketing,668.12
944,Ivie Branigan,Product Management,129.27
945,Emili Kits,Sales,429.84
946,Korrie Handforth,Research and Development,745.67
947,Gregor Paulet,Services,359.59
948,Lynda Cuesta,Training,222.74
949,Catlin Grandisson,Marketing,622.74
950,Fairfax Oxton,Accounting,548.74
951,Burl Jakubowski,Business Development,915.87
952,Gisele Dacey,Services,194.27
953,Annabelle Seater,Support,727.41
954,Dru Pietrowicz,Accounting,132.86
955,Garik Mahomet,Accounting,476.77
956,Kass Cheers,Accounting,609.56
957,Arlene Halworth,Marketing,444.7
958,Daven Yegorov,Business Development,580.01
959,Rosalyn Lampel,Support,742.45
960,Heath Meneghi,Marketing,908.09
961,Annabelle Maryin,Legal,814.45
962,Kim McEnery,Research and Development,354.01
963,Minda Waltering,Sales,698.85
964,Koenraad Abdie,Training,363.54
965,Brandy Jorissen,Legal,938.03
966,Lyn Chateau,Legal,268.92
967,Eleanore Shrieve,Business Development,144.35
968,Ronald Dunkinson,Services,238.61
969,Darlleen Pond-Jones,Business Development,291.22
970,Clem Baden,Marketing,253.02
971,Florenza Ghelarducci,Business Development,227.77
972,Leonore McSaul,Product Management,671.05
973,Dianemarie Tuckerman,Engineering,682.63
974,Lemmie Mapletoft,Support,558.67
975,Breanne Burchett,Training,250.04
976,Morris Baynard,Sales,647.63
977,Leigha Reinhart,Legal,404.69
978,Homerus Chisnell,Engineering,511.36
979,Prue Matiashvili,Support,690.24
980,Lusa Kasher,Marketing,157.78
981,Pietrek Ditt,Services,504.83
982,Devinne Frizell,Training,836.41
983,Nancey Durning,Engineering,301.07
984,Glori Zambon,Training,442.0
985,Cobby Henrichsen,Training,887.38
986,Coretta Filipic,Product Management,922.41
987,Royall Roalfe,Human Resources,556.37
988,Lindsey Truwert,Legal,192.39
989,Nester Di Bernardo,Business Development,204.34
990,Brigitta Windeatt,Human Resources,166.33
991,Deva Doreward,Sales,519.85
992,Kania Vannuchi,Engineering,985.39
993,Florentia Trahmel,Sales,251.66
994,Bradford Keuning,Training,477.81
995,Lamond Webling,Research and Development,102.85
996,Gary Drinkeld,Research and Development,414.08
997,Cass Olyfant,Sales,394.39
998,Enrichetta Giamuzzo,Services,589.56
999,Darelle Cartledge,Support,233.9
1000,Lin Stead,Support,121.4
